{
	"miniprogramRoot": "miniprogram/",
	"cloudfunctionRoot": "cloudfunctions/",
	"setting": {
		"urlCheck": false,
		"es6": true,
		"enhance": true,
		"postcss": true,
		"preloadBackgroundData": false,
		"minified": true,
		"newFeature": true,
		"coverView": true,
		"nodeModules": true,
		"autoAudits": false,
		"showShadowRootInWxmlPanel": true,
		"scopeDataCheck": false,
		"uglifyFileName": false,
		"checkInvalidKey": true,
		"checkSiteMap": true,
		"uploadWithSourceMap": true,
		"compileHotReLoad": false,
		"babelSetting": {
			"ignore": [],
			"disablePlugins": [],
			"outputPath": ""
		},
		"useIsolateContext": true,
		"useCompilerModule": false,
		"userConfirmedUseCompilerModuleSwitch": false
	},
	"appid": "wxa670ae77873c6db4",
	"projectname": "fundding",
	"libVersion": "2.9.2",
	"simulatorType": "wechat",
	"simulatorPluginLibVersion": {},
	"condition": {
		"search": {
			"current": -1,
			"list": []
		},
		"conversation": {
			"current": -1,
			"list": []
		},
		"plugin": {
			"current": -1,
			"list": []
		},
		"game": {
			"list": []
		},
		"gamePlugin": {
			"current": -1,
			"list": []
		},
		"miniprogram": {
			"current": 0,
			"list": [
				{
					"id": -1,
					"name": "db guide",
					"pathName": "pages/databaseGuide/databaseGuide",
					"query": ""
				},
				{
					"id": -1,
					"name": "pages/lost/lost",
					"pathName": "pages/lost/lost",
					"query": "",
					"scene": null
				},
				{
					"id": -1,
					"name": "pages/information/information",
					"pathName": "pages/information/information",
					"query": "",
					"scene": null
				},
				{
					"id": -1,
					"name": "pages/detail/detail",
					"pathName": "pages/detail/detail",
					"query": "",
					"scene": null
				},
				{
					"id": -1,
					"name": "pages/sort/sort",
					"pathName": "pages/sort/sort",
					"query": "",
					"scene": null
				},
				{
					"id": -1,
					"name": "pages/release/release",
					"pathName": "pages/release/release",
					"query": "",
					"scene": null
				},
				{
					"id": -1,
					"name": "pages/login/login",
					"pathName": "pages/login/login",
					"scene": null
				}
			]
		}
	}
}